[
  {
    "postGroup": {
      "groupId": "6934d0eaad44810a8fb042e8",
      "groupName": "Blog Architecture",
      "groupColor": "#007bff",
      "sequence": 0
    },
    "_id": "6934d0ffad44810a8fb042ee",
    "postId": 1,
    "postTitle": "Markdown Showcase",
    "postAuthor": [
      "Tri Blankley"
    ],
    "postDate": "Dec 6, 2025",
    "postContent": "One of the goals i had when creating this blog, is to make it very easy to pull the content of the post down, and not have to worry about how it will be rendered, or if the actual content will be lost in a sea of rendering artifacts. With this in mind, i decided to write all of the post's content in a .md markown file, allowing for rich-text to be added to a posts content, without it being overly intrusive from the perspective if the one writing the post, or the one pulling the posts data down for recovery or future reference.\n\nWhen a post does not contain any pictures, or is very text-focused, it will display a large T on the post's icon from the home page.\n\nBelow are examples of the text-formatting offered in markdown:\n\nAny good blogger should cite their sources! To make it easy for a user to read, and keep the webiste lookling neat, all hyperlinks will be embedded in alt-text. Here is an example: [Toyota MR2 Wikipedia Page](https://en.wikipedia.org/wiki/Toyota_MR2)\n\nFor all headings put a new line before, and after the header.\n\n# H1\n\n## H2\n\n### H3\n\n\nAlternative text types:\n*italic text*\n**bold text**\n***Bold and Italic***\n\n\n> blockquote\n>\n>> Nested blockquote\n\n\nOrdered List:\n1. First item\n2. Second item\n3. Third item\n\n\nUnordered List:\n- First item\n- Second item\n- Third item\n\n\nHorizontal Rule: This needs a line before, and after.\n\n---\n\n\n",
    "contentType": "Text",
    "postTopics": [
      "Digital Hobbies"
    ],
    "isPublished": true,
    "showGalleryView": false,
    "attachedFiles": [],
    "__v": 0
  },
  {
    "postGroup": {
      "groupId": "6934d0eaad44810a8fb042e8",
      "groupName": "Blog Architecture",
      "groupColor": "#007bff",
      "sequence": 0
    },
    "_id": "6934d6a8ad44810a8fb0432b",
    "postId": 2,
    "postTitle": "Gallery Showcase",
    "postAuthor": [
      "Tri Blankley"
    ],
    "postDate": "Dec 6, 2025",
    "postContent": "I wanted to be able to store large files on the blog, in such a way where a user is easily able to pull the file down for their own use. Files, or any other attachments are stored at the bottom of the blog-page. ",
    "contentType": "None",
    "postTopics": [
      "Car Hobbies"
    ],
    "isPublished": true,
    "showGalleryView": true,
    "attachedFiles": [
      {
        "filename": "IMG_0302.jpg",
        "fileId": "6934d6a8ad44810a8fb04332",
        "uploadDate": "2025-12-07T01:21:44.665Z",
        "fileType": "image",
        "attachmentType": "image",
        "sequence": 0,
        "_id": "6934d6a8ad44810a8fb0433b"
      },
      {
        "filename": "20251012_104448.jpg",
        "fileId": "6934d6a8ad44810a8fb04343",
        "uploadDate": "2025-12-07T01:21:44.777Z",
        "fileType": "image",
        "attachmentType": "image",
        "sequence": 0,
        "_id": "6934d6a8ad44810a8fb04348"
      },
      {
        "filename": "IMG_0324.jpg",
        "fileId": "6934d6a9ad44810a8fb04352",
        "uploadDate": "2025-12-07T01:21:45.076Z",
        "fileType": "image",
        "attachmentType": "image",
        "sequence": 0,
        "_id": "6934d6a9ad44810a8fb04360"
      },
      {
        "filename": "IMG_0322.jpg",
        "fileId": "6934d6a9ad44810a8fb0436c",
        "uploadDate": "2025-12-07T01:21:45.165Z",
        "fileType": "image",
        "attachmentType": "image",
        "sequence": 0,
        "_id": "6934d6a9ad44810a8fb04372"
      },
      {
        "filename": "IMG_0319.jpg",
        "fileId": "6934d6a9ad44810a8fb04380",
        "uploadDate": "2025-12-07T01:21:45.268Z",
        "fileType": "image",
        "attachmentType": "image",
        "sequence": 0,
        "_id": "6934d6a9ad44810a8fb04385"
      },
      {
        "filename": "IMG_0318.jpg",
        "fileId": "6934d6a9ad44810a8fb04395",
        "uploadDate": "2025-12-07T01:21:45.415Z",
        "fileType": "image",
        "attachmentType": "image",
        "sequence": 0,
        "_id": "6934d6a9ad44810a8fb0439a"
      },
      {
        "filename": "IMG_0317.jpg",
        "fileId": "6934d6a9ad44810a8fb043ac",
        "uploadDate": "2025-12-07T01:21:45.538Z",
        "fileType": "image",
        "attachmentType": "image",
        "sequence": 0,
        "_id": "6934d6a9ad44810a8fb043b2"
      }
    ],
    "__v": 0
  }
]