[
  {
    "_id": "6934c8ebf9e990edb88b795b",
    "topicColor": "#4c9694",
    "topicName": "Solid Hobbies",
    "topicOrder": 0,
    "__v": 0
  },
  {
    "_id": "6934cec7ad44810a8fb042de",
    "topicColor": "#e0a36d",
    "topicName": "Car Hobbies",
    "topicOrder": 1,
    "__v": 0
  },
  {
    "_id": "6934cec7ad44810a8fb042df",
    "topicColor": "#b78fbc",
    "topicName": "Tatoo Designs",
    "topicOrder": 2,
    "__v": 0
  },
  {
    "_id": "6934cec7ad44810a8fb042e0",
    "topicColor": "#cd8587",
    "topicName": "Digital Hobbies",
    "topicOrder": 3,
    "__v": 0
  }
]